minute,machineName,invocations,class
0,node-10.dir-all-fast.gt-8803-dns-pg0.utah.cloudlab.us,296,unknown
0,node-11.dir-all-fast.gt-8803-dns-pg0.utah.cloudlab.us,700,unknown
0,node-12.dir-all-fast.gt-8803-dns-pg0.utah.cloudlab.us,293,unknown
0,node-13.dir-all-fast.gt-8803-dns-pg0.utah.cloudlab.us,356,unknown
0,node-14.dir-all-fast.gt-8803-dns-pg0.utah.cloudlab.us,633,unknown
0,node-15.dir-all-fast.gt-8803-dns-pg0.utah.cloudlab.us,373,unknown
0,node-16.dir-all-fast.gt-8803-dns-pg0.utah.cloudlab.us,370,unknown
0,node-3.dir-all-fast.gt-8803-dns-pg0.utah.cloudlab.us,777,unknown
0,node-4.dir-all-fast.gt-8803-dns-pg0.utah.cloudlab.us,276,unknown
0,node-5.dir-all-fast.gt-8803-dns-pg0.utah.cloudlab.us,261,unknown
0,node-6.dir-all-fast.gt-8803-dns-pg0.utah.cloudlab.us,336,unknown
0,node-7.dir-all-fast.gt-8803-dns-pg0.utah.cloudlab.us,1071,unknown
0,node-8.dir-all-fast.gt-8803-dns-pg0.utah.cloudlab.us,279,unknown
0,node-9.dir-all-fast.gt-8803-dns-pg0.utah.cloudlab.us,330,unknown
1,node-10.dir-all-fast.gt-8803-dns-pg0.utah.cloudlab.us,366,unknown
1,node-11.dir-all-fast.gt-8803-dns-pg0.utah.cloudlab.us,727,unknown
1,node-12.dir-all-fast.gt-8803-dns-pg0.utah.cloudlab.us,486,unknown
1,node-13.dir-all-fast.gt-8803-dns-pg0.utah.cloudlab.us,615,unknown
1,node-14.dir-all-fast.gt-8803-dns-pg0.utah.cloudlab.us,729,unknown
1,node-15.dir-all-fast.gt-8803-dns-pg0.utah.cloudlab.us,426,unknown
1,node-16.dir-all-fast.gt-8803-dns-pg0.utah.cloudlab.us,291,unknown
1,node-3.dir-all-fast.gt-8803-dns-pg0.utah.cloudlab.us,821,unknown
1,node-4.dir-all-fast.gt-8803-dns-pg0.utah.cloudlab.us,248,unknown
1,node-5.dir-all-fast.gt-8803-dns-pg0.utah.cloudlab.us,328,unknown
1,node-6.dir-all-fast.gt-8803-dns-pg0.utah.cloudlab.us,245,unknown
1,node-7.dir-all-fast.gt-8803-dns-pg0.utah.cloudlab.us,1164,unknown
1,node-8.dir-all-fast.gt-8803-dns-pg0.utah.cloudlab.us,391,unknown
1,node-9.dir-all-fast.gt-8803-dns-pg0.utah.cloudlab.us,409,unknown
2,<empty>,1,unknown
2,node-10.dir-all-fast.gt-8803-dns-pg0.utah.cloudlab.us,208,unknown
2,node-11.dir-all-fast.gt-8803-dns-pg0.utah.cloudlab.us,510,unknown
2,node-12.dir-all-fast.gt-8803-dns-pg0.utah.cloudlab.us,812,unknown
2,node-13.dir-all-fast.gt-8803-dns-pg0.utah.cloudlab.us,1076,unknown
2,node-14.dir-all-fast.gt-8803-dns-pg0.utah.cloudlab.us,500,unknown
2,node-15.dir-all-fast.gt-8803-dns-pg0.utah.cloudlab.us,428,unknown
2,node-16.dir-all-fast.gt-8803-dns-pg0.utah.cloudlab.us,396,unknown
2,node-3.dir-all-fast.gt-8803-dns-pg0.utah.cloudlab.us,794,unknown
2,node-4.dir-all-fast.gt-8803-dns-pg0.utah.cloudlab.us,129,unknown
2,node-5.dir-all-fast.gt-8803-dns-pg0.utah.cloudlab.us,228,unknown
2,node-6.dir-all-fast.gt-8803-dns-pg0.utah.cloudlab.us,174,unknown
2,node-7.dir-all-fast.gt-8803-dns-pg0.utah.cloudlab.us,572,unknown
2,node-8.dir-all-fast.gt-8803-dns-pg0.utah.cloudlab.us,535,unknown
2,node-9.dir-all-fast.gt-8803-dns-pg0.utah.cloudlab.us,392,unknown
3,node-10.dir-all-fast.gt-8803-dns-pg0.utah.cloudlab.us,127,unknown
3,node-11.dir-all-fast.gt-8803-dns-pg0.utah.cloudlab.us,483,unknown
3,node-12.dir-all-fast.gt-8803-dns-pg0.utah.cloudlab.us,813,unknown
3,node-13.dir-all-fast.gt-8803-dns-pg0.utah.cloudlab.us,1030,unknown
3,node-14.dir-all-fast.gt-8803-dns-pg0.utah.cloudlab.us,555,unknown
3,node-15.dir-all-fast.gt-8803-dns-pg0.utah.cloudlab.us,553,unknown
3,node-16.dir-all-fast.gt-8803-dns-pg0.utah.cloudlab.us,383,unknown
3,node-3.dir-all-fast.gt-8803-dns-pg0.utah.cloudlab.us,659,unknown
3,node-4.dir-all-fast.gt-8803-dns-pg0.utah.cloudlab.us,76,unknown
3,node-5.dir-all-fast.gt-8803-dns-pg0.utah.cloudlab.us,211,unknown
3,node-6.dir-all-fast.gt-8803-dns-pg0.utah.cloudlab.us,300,unknown
3,node-7.dir-all-fast.gt-8803-dns-pg0.utah.cloudlab.us,665,unknown
3,node-8.dir-all-fast.gt-8803-dns-pg0.utah.cloudlab.us,447,unknown
3,node-9.dir-all-fast.gt-8803-dns-pg0.utah.cloudlab.us,71,unknown
4,node-10.dir-all-fast.gt-8803-dns-pg0.utah.cloudlab.us,126,unknown
4,node-11.dir-all-fast.gt-8803-dns-pg0.utah.cloudlab.us,316,unknown
4,node-12.dir-all-fast.gt-8803-dns-pg0.utah.cloudlab.us,732,unknown
4,node-13.dir-all-fast.gt-8803-dns-pg0.utah.cloudlab.us,864,unknown
4,node-14.dir-all-fast.gt-8803-dns-pg0.utah.cloudlab.us,600,unknown
4,node-15.dir-all-fast.gt-8803-dns-pg0.utah.cloudlab.us,619,unknown
4,node-16.dir-all-fast.gt-8803-dns-pg0.utah.cloudlab.us,480,unknown
4,node-3.dir-all-fast.gt-8803-dns-pg0.utah.cloudlab.us,641,unknown
4,node-4.dir-all-fast.gt-8803-dns-pg0.utah.cloudlab.us,181,unknown
4,node-5.dir-all-fast.gt-8803-dns-pg0.utah.cloudlab.us,321,unknown
4,node-6.dir-all-fast.gt-8803-dns-pg0.utah.cloudlab.us,417,unknown
4,node-7.dir-all-fast.gt-8803-dns-pg0.utah.cloudlab.us,863,unknown
4,node-8.dir-all-fast.gt-8803-dns-pg0.utah.cloudlab.us,642,unknown
4,node-9.dir-all-fast.gt-8803-dns-pg0.utah.cloudlab.us,74,unknown
5,node-10.dir-all-fast.gt-8803-dns-pg0.utah.cloudlab.us,181,unknown
5,node-11.dir-all-fast.gt-8803-dns-pg0.utah.cloudlab.us,303,unknown
5,node-12.dir-all-fast.gt-8803-dns-pg0.utah.cloudlab.us,713,unknown
5,node-13.dir-all-fast.gt-8803-dns-pg0.utah.cloudlab.us,892,unknown
5,node-14.dir-all-fast.gt-8803-dns-pg0.utah.cloudlab.us,206,unknown
5,node-15.dir-all-fast.gt-8803-dns-pg0.utah.cloudlab.us,701,unknown
5,node-16.dir-all-fast.gt-8803-dns-pg0.utah.cloudlab.us,489,unknown
5,node-3.dir-all-fast.gt-8803-dns-pg0.utah.cloudlab.us,701,unknown
5,node-4.dir-all-fast.gt-8803-dns-pg0.utah.cloudlab.us,104,unknown
5,node-5.dir-all-fast.gt-8803-dns-pg0.utah.cloudlab.us,185,unknown
5,node-6.dir-all-fast.gt-8803-dns-pg0.utah.cloudlab.us,361,unknown
5,node-7.dir-all-fast.gt-8803-dns-pg0.utah.cloudlab.us,786,unknown
5,node-8.dir-all-fast.gt-8803-dns-pg0.utah.cloudlab.us,697,unknown
5,node-9.dir-all-fast.gt-8803-dns-pg0.utah.cloudlab.us,226,unknown
6,node-10.dir-all-fast.gt-8803-dns-pg0.utah.cloudlab.us,215,unknown
6,node-11.dir-all-fast.gt-8803-dns-pg0.utah.cloudlab.us,313,unknown
6,node-12.dir-all-fast.gt-8803-dns-pg0.utah.cloudlab.us,823,unknown
6,node-13.dir-all-fast.gt-8803-dns-pg0.utah.cloudlab.us,807,unknown
6,node-14.dir-all-fast.gt-8803-dns-pg0.utah.cloudlab.us,223,unknown
6,node-15.dir-all-fast.gt-8803-dns-pg0.utah.cloudlab.us,775,unknown
6,node-16.dir-all-fast.gt-8803-dns-pg0.utah.cloudlab.us,548,unknown
6,node-3.dir-all-fast.gt-8803-dns-pg0.utah.cloudlab.us,782,unknown
6,node-4.dir-all-fast.gt-8803-dns-pg0.utah.cloudlab.us,137,unknown
6,node-5.dir-all-fast.gt-8803-dns-pg0.utah.cloudlab.us,121,unknown
6,node-6.dir-all-fast.gt-8803-dns-pg0.utah.cloudlab.us,359,unknown
6,node-7.dir-all-fast.gt-8803-dns-pg0.utah.cloudlab.us,437,unknown
6,node-8.dir-all-fast.gt-8803-dns-pg0.utah.cloudlab.us,565,unknown
6,node-9.dir-all-fast.gt-8803-dns-pg0.utah.cloudlab.us,194,unknown
7,node-10.dir-all-fast.gt-8803-dns-pg0.utah.cloudlab.us,201,unknown
7,node-11.dir-all-fast.gt-8803-dns-pg0.utah.cloudlab.us,308,unknown
7,node-12.dir-all-fast.gt-8803-dns-pg0.utah.cloudlab.us,849,unknown
7,node-13.dir-all-fast.gt-8803-dns-pg0.utah.cloudlab.us,792,unknown
7,node-14.dir-all-fast.gt-8803-dns-pg0.utah.cloudlab.us,235,unknown
7,node-15.dir-all-fast.gt-8803-dns-pg0.utah.cloudlab.us,654,unknown
7,node-16.dir-all-fast.gt-8803-dns-pg0.utah.cloudlab.us,706,unknown
7,node-3.dir-all-fast.gt-8803-dns-pg0.utah.cloudlab.us,759,unknown
7,node-4.dir-all-fast.gt-8803-dns-pg0.utah.cloudlab.us,98,unknown
7,node-5.dir-all-fast.gt-8803-dns-pg0.utah.cloudlab.us,197,unknown
7,node-6.dir-all-fast.gt-8803-dns-pg0.utah.cloudlab.us,408,unknown
7,node-7.dir-all-fast.gt-8803-dns-pg0.utah.cloudlab.us,453,unknown
7,node-8.dir-all-fast.gt-8803-dns-pg0.utah.cloudlab.us,463,unknown
7,node-9.dir-all-fast.gt-8803-dns-pg0.utah.cloudlab.us,178,unknown
8,<empty>,1,unknown
8,node-10.dir-all-fast.gt-8803-dns-pg0.utah.cloudlab.us,225,unknown
8,node-11.dir-all-fast.gt-8803-dns-pg0.utah.cloudlab.us,345,unknown
8,node-12.dir-all-fast.gt-8803-dns-pg0.utah.cloudlab.us,663,unknown
8,node-13.dir-all-fast.gt-8803-dns-pg0.utah.cloudlab.us,716,unknown
8,node-14.dir-all-fast.gt-8803-dns-pg0.utah.cloudlab.us,384,unknown
8,node-15.dir-all-fast.gt-8803-dns-pg0.utah.cloudlab.us,147,unknown
8,node-16.dir-all-fast.gt-8803-dns-pg0.utah.cloudlab.us,354,unknown
8,node-3.dir-all-fast.gt-8803-dns-pg0.utah.cloudlab.us,445,unknown
8,node-4.dir-all-fast.gt-8803-dns-pg0.utah.cloudlab.us,98,unknown
8,node-5.dir-all-fast.gt-8803-dns-pg0.utah.cloudlab.us,342,unknown
8,node-6.dir-all-fast.gt-8803-dns-pg0.utah.cloudlab.us,474,unknown
8,node-7.dir-all-fast.gt-8803-dns-pg0.utah.cloudlab.us,657,unknown
8,node-8.dir-all-fast.gt-8803-dns-pg0.utah.cloudlab.us,422,unknown
8,node-9.dir-all-fast.gt-8803-dns-pg0.utah.cloudlab.us,278,unknown
9,node-10.dir-all-fast.gt-8803-dns-pg0.utah.cloudlab.us,442,unknown
9,node-11.dir-all-fast.gt-8803-dns-pg0.utah.cloudlab.us,403,unknown
9,node-12.dir-all-fast.gt-8803-dns-pg0.utah.cloudlab.us,723,unknown
9,node-13.dir-all-fast.gt-8803-dns-pg0.utah.cloudlab.us,488,unknown
9,node-14.dir-all-fast.gt-8803-dns-pg0.utah.cloudlab.us,430,unknown
9,node-15.dir-all-fast.gt-8803-dns-pg0.utah.cloudlab.us,8,unknown
9,node-16.dir-all-fast.gt-8803-dns-pg0.utah.cloudlab.us,446,unknown
9,node-3.dir-all-fast.gt-8803-dns-pg0.utah.cloudlab.us,272,unknown
9,node-4.dir-all-fast.gt-8803-dns-pg0.utah.cloudlab.us,136,unknown
9,node-5.dir-all-fast.gt-8803-dns-pg0.utah.cloudlab.us,368,unknown
9,node-6.dir-all-fast.gt-8803-dns-pg0.utah.cloudlab.us,798,unknown
9,node-7.dir-all-fast.gt-8803-dns-pg0.utah.cloudlab.us,735,unknown
9,node-8.dir-all-fast.gt-8803-dns-pg0.utah.cloudlab.us,404,unknown
9,node-9.dir-all-fast.gt-8803-dns-pg0.utah.cloudlab.us,396,unknown
10,<empty>,1,unknown
10,node-10.dir-all-fast.gt-8803-dns-pg0.utah.cloudlab.us,522,unknown
10,node-11.dir-all-fast.gt-8803-dns-pg0.utah.cloudlab.us,501,unknown
10,node-12.dir-all-fast.gt-8803-dns-pg0.utah.cloudlab.us,860,unknown
10,node-13.dir-all-fast.gt-8803-dns-pg0.utah.cloudlab.us,167,unknown
10,node-14.dir-all-fast.gt-8803-dns-pg0.utah.cloudlab.us,424,unknown
10,node-15.dir-all-fast.gt-8803-dns-pg0.utah.cloudlab.us,158,unknown
10,node-16.dir-all-fast.gt-8803-dns-pg0.utah.cloudlab.us,422,unknown
10,node-3.dir-all-fast.gt-8803-dns-pg0.utah.cloudlab.us,288,unknown
10,node-4.dir-all-fast.gt-8803-dns-pg0.utah.cloudlab.us,146,unknown
10,node-5.dir-all-fast.gt-8803-dns-pg0.utah.cloudlab.us,431,unknown
10,node-6.dir-all-fast.gt-8803-dns-pg0.utah.cloudlab.us,802,unknown
10,node-7.dir-all-fast.gt-8803-dns-pg0.utah.cloudlab.us,756,unknown
10,node-8.dir-all-fast.gt-8803-dns-pg0.utah.cloudlab.us,253,unknown
10,node-9.dir-all-fast.gt-8803-dns-pg0.utah.cloudlab.us,422,unknown
11,<empty>,1,unknown
11,node-10.dir-all-fast.gt-8803-dns-pg0.utah.cloudlab.us,262,unknown
11,node-11.dir-all-fast.gt-8803-dns-pg0.utah.cloudlab.us,521,unknown
11,node-12.dir-all-fast.gt-8803-dns-pg0.utah.cloudlab.us,742,unknown
11,node-13.dir-all-fast.gt-8803-dns-pg0.utah.cloudlab.us,179,unknown
11,node-14.dir-all-fast.gt-8803-dns-pg0.utah.cloudlab.us,386,unknown
11,node-15.dir-all-fast.gt-8803-dns-pg0.utah.cloudlab.us,336,unknown
11,node-16.dir-all-fast.gt-8803-dns-pg0.utah.cloudlab.us,595,unknown
11,node-3.dir-all-fast.gt-8803-dns-pg0.utah.cloudlab.us,275,unknown
11,node-4.dir-all-fast.gt-8803-dns-pg0.utah.cloudlab.us,231,unknown
11,node-5.dir-all-fast.gt-8803-dns-pg0.utah.cloudlab.us,570,unknown
11,node-6.dir-all-fast.gt-8803-dns-pg0.utah.cloudlab.us,713,unknown
11,node-7.dir-all-fast.gt-8803-dns-pg0.utah.cloudlab.us,623,unknown
11,node-8.dir-all-fast.gt-8803-dns-pg0.utah.cloudlab.us,74,unknown
11,node-9.dir-all-fast.gt-8803-dns-pg0.utah.cloudlab.us,380,unknown
12,node-10.dir-all-fast.gt-8803-dns-pg0.utah.cloudlab.us,222,unknown
12,node-11.dir-all-fast.gt-8803-dns-pg0.utah.cloudlab.us,460,unknown
12,node-12.dir-all-fast.gt-8803-dns-pg0.utah.cloudlab.us,701,unknown
12,node-13.dir-all-fast.gt-8803-dns-pg0.utah.cloudlab.us,136,unknown
12,node-14.dir-all-fast.gt-8803-dns-pg0.utah.cloudlab.us,289,unknown
12,node-15.dir-all-fast.gt-8803-dns-pg0.utah.cloudlab.us,352,unknown
12,node-16.dir-all-fast.gt-8803-dns-pg0.utah.cloudlab.us,276,unknown
12,node-3.dir-all-fast.gt-8803-dns-pg0.utah.cloudlab.us,418,unknown
12,node-4.dir-all-fast.gt-8803-dns-pg0.utah.cloudlab.us,515,unknown
12,node-5.dir-all-fast.gt-8803-dns-pg0.utah.cloudlab.us,556,unknown
12,node-6.dir-all-fast.gt-8803-dns-pg0.utah.cloudlab.us,740,unknown
12,node-7.dir-all-fast.gt-8803-dns-pg0.utah.cloudlab.us,433,unknown
12,node-8.dir-all-fast.gt-8803-dns-pg0.utah.cloudlab.us,28,unknown
12,node-9.dir-all-fast.gt-8803-dns-pg0.utah.cloudlab.us,320,unknown
13,node-10.dir-all-fast.gt-8803-dns-pg0.utah.cloudlab.us,155,unknown
13,node-11.dir-all-fast.gt-8803-dns-pg0.utah.cloudlab.us,510,unknown
13,node-12.dir-all-fast.gt-8803-dns-pg0.utah.cloudlab.us,736,unknown
13,node-13.dir-all-fast.gt-8803-dns-pg0.utah.cloudlab.us,190,unknown
13,node-14.dir-all-fast.gt-8803-dns-pg0.utah.cloudlab.us,389,unknown
13,node-15.dir-all-fast.gt-8803-dns-pg0.utah.cloudlab.us,380,unknown
13,node-16.dir-all-fast.gt-8803-dns-pg0.utah.cloudlab.us,217,unknown
13,node-3.dir-all-fast.gt-8803-dns-pg0.utah.cloudlab.us,672,unknown
13,node-4.dir-all-fast.gt-8803-dns-pg0.utah.cloudlab.us,623,unknown
13,node-5.dir-all-fast.gt-8803-dns-pg0.utah.cloudlab.us,643,unknown
13,node-6.dir-all-fast.gt-8803-dns-pg0.utah.cloudlab.us,396,unknown
13,node-7.dir-all-fast.gt-8803-dns-pg0.utah.cloudlab.us,466,unknown
13,node-8.dir-all-fast.gt-8803-dns-pg0.utah.cloudlab.us,29,unknown
13,node-9.dir-all-fast.gt-8803-dns-pg0.utah.cloudlab.us,351,unknown
14,<empty>,1,unknown
14,node-10.dir-all-fast.gt-8803-dns-pg0.utah.cloudlab.us,243,unknown
14,node-11.dir-all-fast.gt-8803-dns-pg0.utah.cloudlab.us,326,unknown
14,node-12.dir-all-fast.gt-8803-dns-pg0.utah.cloudlab.us,550,unknown
14,node-13.dir-all-fast.gt-8803-dns-pg0.utah.cloudlab.us,35,unknown
14,node-14.dir-all-fast.gt-8803-dns-pg0.utah.cloudlab.us,488,unknown
14,node-15.dir-all-fast.gt-8803-dns-pg0.utah.cloudlab.us,118,unknown
14,node-16.dir-all-fast.gt-8803-dns-pg0.utah.cloudlab.us,257,unknown
14,node-3.dir-all-fast.gt-8803-dns-pg0.utah.cloudlab.us,692,unknown
14,node-4.dir-all-fast.gt-8803-dns-pg0.utah.cloudlab.us,949,unknown
14,node-5.dir-all-fast.gt-8803-dns-pg0.utah.cloudlab.us,746,unknown
14,node-6.dir-all-fast.gt-8803-dns-pg0.utah.cloudlab.us,402,unknown
14,node-7.dir-all-fast.gt-8803-dns-pg0.utah.cloudlab.us,583,unknown
14,node-8.dir-all-fast.gt-8803-dns-pg0.utah.cloudlab.us,35,unknown
14,node-9.dir-all-fast.gt-8803-dns-pg0.utah.cloudlab.us,546,unknown
15,<empty>,1,unknown
15,node-10.dir-all-fast.gt-8803-dns-pg0.utah.cloudlab.us,367,unknown
15,node-11.dir-all-fast.gt-8803-dns-pg0.utah.cloudlab.us,103,unknown
15,node-12.dir-all-fast.gt-8803-dns-pg0.utah.cloudlab.us,388,unknown
15,node-13.dir-all-fast.gt-8803-dns-pg0.utah.cloudlab.us,50,unknown
15,node-14.dir-all-fast.gt-8803-dns-pg0.utah.cloudlab.us,477,unknown
15,node-15.dir-all-fast.gt-8803-dns-pg0.utah.cloudlab.us,108,unknown
15,node-16.dir-all-fast.gt-8803-dns-pg0.utah.cloudlab.us,517,unknown
15,node-3.dir-all-fast.gt-8803-dns-pg0.utah.cloudlab.us,522,unknown
15,node-4.dir-all-fast.gt-8803-dns-pg0.utah.cloudlab.us,904,unknown
15,node-5.dir-all-fast.gt-8803-dns-pg0.utah.cloudlab.us,637,unknown
15,node-6.dir-all-fast.gt-8803-dns-pg0.utah.cloudlab.us,473,unknown
15,node-7.dir-all-fast.gt-8803-dns-pg0.utah.cloudlab.us,565,unknown
15,node-8.dir-all-fast.gt-8803-dns-pg0.utah.cloudlab.us,45,unknown
15,node-9.dir-all-fast.gt-8803-dns-pg0.utah.cloudlab.us,682,unknown
16,<empty>,1,unknown
16,node-10.dir-all-fast.gt-8803-dns-pg0.utah.cloudlab.us,429,unknown
16,node-11.dir-all-fast.gt-8803-dns-pg0.utah.cloudlab.us,110,unknown
16,node-12.dir-all-fast.gt-8803-dns-pg0.utah.cloudlab.us,421,unknown
16,node-13.dir-all-fast.gt-8803-dns-pg0.utah.cloudlab.us,188,unknown
16,node-14.dir-all-fast.gt-8803-dns-pg0.utah.cloudlab.us,471,unknown
16,node-15.dir-all-fast.gt-8803-dns-pg0.utah.cloudlab.us,415,unknown
16,node-16.dir-all-fast.gt-8803-dns-pg0.utah.cloudlab.us,788,unknown
16,node-3.dir-all-fast.gt-8803-dns-pg0.utah.cloudlab.us,531,unknown
16,node-4.dir-all-fast.gt-8803-dns-pg0.utah.cloudlab.us,801,unknown
16,node-5.dir-all-fast.gt-8803-dns-pg0.utah.cloudlab.us,549,unknown
16,node-6.dir-all-fast.gt-8803-dns-pg0.utah.cloudlab.us,669,unknown
16,node-7.dir-all-fast.gt-8803-dns-pg0.utah.cloudlab.us,566,unknown
16,node-8.dir-all-fast.gt-8803-dns-pg0.utah.cloudlab.us,104,unknown
16,node-9.dir-all-fast.gt-8803-dns-pg0.utah.cloudlab.us,438,unknown
17,node-10.dir-all-fast.gt-8803-dns-pg0.utah.cloudlab.us,512,unknown
17,node-11.dir-all-fast.gt-8803-dns-pg0.utah.cloudlab.us,219,unknown
17,node-12.dir-all-fast.gt-8803-dns-pg0.utah.cloudlab.us,617,unknown
17,node-13.dir-all-fast.gt-8803-dns-pg0.utah.cloudlab.us,298,unknown
17,node-14.dir-all-fast.gt-8803-dns-pg0.utah.cloudlab.us,122,unknown
17,node-15.dir-all-fast.gt-8803-dns-pg0.utah.cloudlab.us,147,unknown
17,node-16.dir-all-fast.gt-8803-dns-pg0.utah.cloudlab.us,712,unknown
17,node-3.dir-all-fast.gt-8803-dns-pg0.utah.cloudlab.us,550,unknown
17,node-4.dir-all-fast.gt-8803-dns-pg0.utah.cloudlab.us,709,unknown
17,node-5.dir-all-fast.gt-8803-dns-pg0.utah.cloudlab.us,509,unknown
17,node-6.dir-all-fast.gt-8803-dns-pg0.utah.cloudlab.us,619,unknown
17,node-7.dir-all-fast.gt-8803-dns-pg0.utah.cloudlab.us,461,unknown
17,node-8.dir-all-fast.gt-8803-dns-pg0.utah.cloudlab.us,292,unknown
17,node-9.dir-all-fast.gt-8803-dns-pg0.utah.cloudlab.us,295,unknown
18,<empty>,1,unknown
18,node-10.dir-all-fast.gt-8803-dns-pg0.utah.cloudlab.us,558,unknown
18,node-11.dir-all-fast.gt-8803-dns-pg0.utah.cloudlab.us,195,unknown
18,node-12.dir-all-fast.gt-8803-dns-pg0.utah.cloudlab.us,645,unknown
18,node-13.dir-all-fast.gt-8803-dns-pg0.utah.cloudlab.us,232,unknown
18,node-14.dir-all-fast.gt-8803-dns-pg0.utah.cloudlab.us,57,unknown
18,node-15.dir-all-fast.gt-8803-dns-pg0.utah.cloudlab.us,26,unknown
18,node-16.dir-all-fast.gt-8803-dns-pg0.utah.cloudlab.us,490,unknown
18,node-3.dir-all-fast.gt-8803-dns-pg0.utah.cloudlab.us,537,unknown
18,node-4.dir-all-fast.gt-8803-dns-pg0.utah.cloudlab.us,745,unknown
18,node-5.dir-all-fast.gt-8803-dns-pg0.utah.cloudlab.us,538,unknown
18,node-6.dir-all-fast.gt-8803-dns-pg0.utah.cloudlab.us,627,unknown
18,node-7.dir-all-fast.gt-8803-dns-pg0.utah.cloudlab.us,611,unknown
18,node-8.dir-all-fast.gt-8803-dns-pg0.utah.cloudlab.us,222,unknown
18,node-9.dir-all-fast.gt-8803-dns-pg0.utah.cloudlab.us,137,unknown
19,<empty>,2,unknown
19,node-10.dir-all-fast.gt-8803-dns-pg0.utah.cloudlab.us,307,unknown
19,node-11.dir-all-fast.gt-8803-dns-pg0.utah.cloudlab.us,170,unknown
19,node-12.dir-all-fast.gt-8803-dns-pg0.utah.cloudlab.us,422,unknown
19,node-13.dir-all-fast.gt-8803-dns-pg0.utah.cloudlab.us,14,unknown
19,node-14.dir-all-fast.gt-8803-dns-pg0.utah.cloudlab.us,57,unknown
19,node-15.dir-all-fast.gt-8803-dns-pg0.utah.cloudlab.us,14,unknown
19,node-16.dir-all-fast.gt-8803-dns-pg0.utah.cloudlab.us,200,unknown
19,node-3.dir-all-fast.gt-8803-dns-pg0.utah.cloudlab.us,274,unknown
19,node-4.dir-all-fast.gt-8803-dns-pg0.utah.cloudlab.us,493,unknown
19,node-5.dir-all-fast.gt-8803-dns-pg0.utah.cloudlab.us,466,unknown
19,node-6.dir-all-fast.gt-8803-dns-pg0.utah.cloudlab.us,270,unknown
19,node-7.dir-all-fast.gt-8803-dns-pg0.utah.cloudlab.us,640,unknown
19,node-8.dir-all-fast.gt-8803-dns-pg0.utah.cloudlab.us,243,unknown
19,node-9.dir-all-fast.gt-8803-dns-pg0.utah.cloudlab.us,252,unknown
20,node-10.dir-all-fast.gt-8803-dns-pg0.utah.cloudlab.us,324,unknown
20,node-11.dir-all-fast.gt-8803-dns-pg0.utah.cloudlab.us,190,unknown
20,node-12.dir-all-fast.gt-8803-dns-pg0.utah.cloudlab.us,442,unknown
20,node-13.dir-all-fast.gt-8803-dns-pg0.utah.cloudlab.us,27,unknown
20,node-14.dir-all-fast.gt-8803-dns-pg0.utah.cloudlab.us,102,unknown
20,node-15.dir-all-fast.gt-8803-dns-pg0.utah.cloudlab.us,31,unknown
20,node-16.dir-all-fast.gt-8803-dns-pg0.utah.cloudlab.us,118,unknown
20,node-3.dir-all-fast.gt-8803-dns-pg0.utah.cloudlab.us,144,unknown
20,node-4.dir-all-fast.gt-8803-dns-pg0.utah.cloudlab.us,436,unknown
20,node-5.dir-all-fast.gt-8803-dns-pg0.utah.cloudlab.us,331,unknown
20,node-6.dir-all-fast.gt-8803-dns-pg0.utah.cloudlab.us,187,unknown
20,node-7.dir-all-fast.gt-8803-dns-pg0.utah.cloudlab.us,452,unknown
20,node-8.dir-all-fast.gt-8803-dns-pg0.utah.cloudlab.us,382,unknown
20,node-9.dir-all-fast.gt-8803-dns-pg0.utah.cloudlab.us,179,unknown
21,node-10.dir-all-fast.gt-8803-dns-pg0.utah.cloudlab.us,234,unknown
21,node-11.dir-all-fast.gt-8803-dns-pg0.utah.cloudlab.us,392,unknown
21,node-12.dir-all-fast.gt-8803-dns-pg0.utah.cloudlab.us,508,unknown
21,node-13.dir-all-fast.gt-8803-dns-pg0.utah.cloudlab.us,24,unknown
21,node-14.dir-all-fast.gt-8803-dns-pg0.utah.cloudlab.us,128,unknown
21,node-15.dir-all-fast.gt-8803-dns-pg0.utah.cloudlab.us,141,unknown
21,node-16.dir-all-fast.gt-8803-dns-pg0.utah.cloudlab.us,173,unknown
21,node-3.dir-all-fast.gt-8803-dns-pg0.utah.cloudlab.us,146,unknown
21,node-4.dir-all-fast.gt-8803-dns-pg0.utah.cloudlab.us,506,unknown
21,node-5.dir-all-fast.gt-8803-dns-pg0.utah.cloudlab.us,336,unknown
21,node-6.dir-all-fast.gt-8803-dns-pg0.utah.cloudlab.us,272,unknown
21,node-7.dir-all-fast.gt-8803-dns-pg0.utah.cloudlab.us,124,unknown
21,node-8.dir-all-fast.gt-8803-dns-pg0.utah.cloudlab.us,436,unknown
21,node-9.dir-all-fast.gt-8803-dns-pg0.utah.cloudlab.us,308,unknown
22,node-10.dir-all-fast.gt-8803-dns-pg0.utah.cloudlab.us,365,unknown
22,node-11.dir-all-fast.gt-8803-dns-pg0.utah.cloudlab.us,409,unknown
22,node-12.dir-all-fast.gt-8803-dns-pg0.utah.cloudlab.us,222,unknown
22,node-13.dir-all-fast.gt-8803-dns-pg0.utah.cloudlab.us,47,unknown
22,node-14.dir-all-fast.gt-8803-dns-pg0.utah.cloudlab.us,109,unknown
22,node-15.dir-all-fast.gt-8803-dns-pg0.utah.cloudlab.us,253,unknown
22,node-16.dir-all-fast.gt-8803-dns-pg0.utah.cloudlab.us,267,unknown
22,node-3.dir-all-fast.gt-8803-dns-pg0.utah.cloudlab.us,81,unknown
22,node-4.dir-all-fast.gt-8803-dns-pg0.utah.cloudlab.us,307,unknown
22,node-5.dir-all-fast.gt-8803-dns-pg0.utah.cloudlab.us,233,unknown
22,node-6.dir-all-fast.gt-8803-dns-pg0.utah.cloudlab.us,219,unknown
22,node-7.dir-all-fast.gt-8803-dns-pg0.utah.cloudlab.us,99,unknown
22,node-8.dir-all-fast.gt-8803-dns-pg0.utah.cloudlab.us,316,unknown
22,node-9.dir-all-fast.gt-8803-dns-pg0.utah.cloudlab.us,288,unknown
23,node-10.dir-all-fast.gt-8803-dns-pg0.utah.cloudlab.us,252,unknown
23,node-11.dir-all-fast.gt-8803-dns-pg0.utah.cloudlab.us,142,unknown
23,node-12.dir-all-fast.gt-8803-dns-pg0.utah.cloudlab.us,105,unknown
23,node-13.dir-all-fast.gt-8803-dns-pg0.utah.cloudlab.us,201,unknown
23,node-14.dir-all-fast.gt-8803-dns-pg0.utah.cloudlab.us,188,unknown
23,node-15.dir-all-fast.gt-8803-dns-pg0.utah.cloudlab.us,409,unknown
23,node-16.dir-all-fast.gt-8803-dns-pg0.utah.cloudlab.us,460,unknown
23,node-3.dir-all-fast.gt-8803-dns-pg0.utah.cloudlab.us,167,unknown
23,node-4.dir-all-fast.gt-8803-dns-pg0.utah.cloudlab.us,254,unknown
23,node-5.dir-all-fast.gt-8803-dns-pg0.utah.cloudlab.us,363,unknown
23,node-6.dir-all-fast.gt-8803-dns-pg0.utah.cloudlab.us,101,unknown
23,node-7.dir-all-fast.gt-8803-dns-pg0.utah.cloudlab.us,29,unknown
23,node-8.dir-all-fast.gt-8803-dns-pg0.utah.cloudlab.us,396,unknown
23,node-9.dir-all-fast.gt-8803-dns-pg0.utah.cloudlab.us,473,unknown
24,<empty>,1,unknown
24,node-10.dir-all-fast.gt-8803-dns-pg0.utah.cloudlab.us,463,unknown
24,node-11.dir-all-fast.gt-8803-dns-pg0.utah.cloudlab.us,421,unknown
24,node-12.dir-all-fast.gt-8803-dns-pg0.utah.cloudlab.us,437,unknown
24,node-13.dir-all-fast.gt-8803-dns-pg0.utah.cloudlab.us,670,unknown
24,node-14.dir-all-fast.gt-8803-dns-pg0.utah.cloudlab.us,527,unknown
24,node-15.dir-all-fast.gt-8803-dns-pg0.utah.cloudlab.us,296,unknown
24,node-16.dir-all-fast.gt-8803-dns-pg0.utah.cloudlab.us,895,unknown
24,node-3.dir-all-fast.gt-8803-dns-pg0.utah.cloudlab.us,753,unknown
24,node-4.dir-all-fast.gt-8803-dns-pg0.utah.cloudlab.us,342,unknown
24,node-5.dir-all-fast.gt-8803-dns-pg0.utah.cloudlab.us,192,unknown
24,node-6.dir-all-fast.gt-8803-dns-pg0.utah.cloudlab.us,38,unknown
24,node-7.dir-all-fast.gt-8803-dns-pg0.utah.cloudlab.us,114,unknown
24,node-8.dir-all-fast.gt-8803-dns-pg0.utah.cloudlab.us,437,unknown
24,node-9.dir-all-fast.gt-8803-dns-pg0.utah.cloudlab.us,428,unknown
25,<empty>,1,unknown
25,node-10.dir-all-fast.gt-8803-dns-pg0.utah.cloudlab.us,493,unknown
25,node-11.dir-all-fast.gt-8803-dns-pg0.utah.cloudlab.us,519,unknown
25,node-12.dir-all-fast.gt-8803-dns-pg0.utah.cloudlab.us,1027,unknown
25,node-13.dir-all-fast.gt-8803-dns-pg0.utah.cloudlab.us,917,unknown
25,node-14.dir-all-fast.gt-8803-dns-pg0.utah.cloudlab.us,441,unknown
25,node-15.dir-all-fast.gt-8803-dns-pg0.utah.cloudlab.us,210,unknown
25,node-16.dir-all-fast.gt-8803-dns-pg0.utah.cloudlab.us,444,unknown
25,node-3.dir-all-fast.gt-8803-dns-pg0.utah.cloudlab.us,230,unknown
25,node-4.dir-all-fast.gt-8803-dns-pg0.utah.cloudlab.us,599,unknown
25,node-5.dir-all-fast.gt-8803-dns-pg0.utah.cloudlab.us,292,unknown
25,node-6.dir-all-fast.gt-8803-dns-pg0.utah.cloudlab.us,262,unknown
25,node-7.dir-all-fast.gt-8803-dns-pg0.utah.cloudlab.us,289,unknown
25,node-8.dir-all-fast.gt-8803-dns-pg0.utah.cloudlab.us,170,unknown
25,node-9.dir-all-fast.gt-8803-dns-pg0.utah.cloudlab.us,816,unknown
26,<empty>,1,unknown
26,node-10.dir-all-fast.gt-8803-dns-pg0.utah.cloudlab.us,633,unknown
26,node-11.dir-all-fast.gt-8803-dns-pg0.utah.cloudlab.us,504,unknown
26,node-12.dir-all-fast.gt-8803-dns-pg0.utah.cloudlab.us,1059,unknown
26,node-13.dir-all-fast.gt-8803-dns-pg0.utah.cloudlab.us,923,unknown
26,node-14.dir-all-fast.gt-8803-dns-pg0.utah.cloudlab.us,422,unknown
26,node-15.dir-all-fast.gt-8803-dns-pg0.utah.cloudlab.us,197,unknown
26,node-16.dir-all-fast.gt-8803-dns-pg0.utah.cloudlab.us,370,unknown
26,node-3.dir-all-fast.gt-8803-dns-pg0.utah.cloudlab.us,96,unknown
26,node-4.dir-all-fast.gt-8803-dns-pg0.utah.cloudlab.us,699,unknown
26,node-5.dir-all-fast.gt-8803-dns-pg0.utah.cloudlab.us,201,unknown
26,node-6.dir-all-fast.gt-8803-dns-pg0.utah.cloudlab.us,368,unknown
26,node-7.dir-all-fast.gt-8803-dns-pg0.utah.cloudlab.us,343,unknown
26,node-8.dir-all-fast.gt-8803-dns-pg0.utah.cloudlab.us,178,unknown
26,node-9.dir-all-fast.gt-8803-dns-pg0.utah.cloudlab.us,704,unknown
27,node-10.dir-all-fast.gt-8803-dns-pg0.utah.cloudlab.us,726,unknown
27,node-11.dir-all-fast.gt-8803-dns-pg0.utah.cloudlab.us,201,unknown
27,node-12.dir-all-fast.gt-8803-dns-pg0.utah.cloudlab.us,712,unknown
27,node-13.dir-all-fast.gt-8803-dns-pg0.utah.cloudlab.us,1220,unknown
27,node-14.dir-all-fast.gt-8803-dns-pg0.utah.cloudlab.us,452,unknown
27,node-15.dir-all-fast.gt-8803-dns-pg0.utah.cloudlab.us,183,unknown
27,node-16.dir-all-fast.gt-8803-dns-pg0.utah.cloudlab.us,299,unknown
27,node-3.dir-all-fast.gt-8803-dns-pg0.utah.cloudlab.us,155,unknown
27,node-4.dir-all-fast.gt-8803-dns-pg0.utah.cloudlab.us,805,unknown
27,node-5.dir-all-fast.gt-8803-dns-pg0.utah.cloudlab.us,209,unknown
27,node-6.dir-all-fast.gt-8803-dns-pg0.utah.cloudlab.us,415,unknown
27,node-7.dir-all-fast.gt-8803-dns-pg0.utah.cloudlab.us,386,unknown
27,node-8.dir-all-fast.gt-8803-dns-pg0.utah.cloudlab.us,545,unknown
27,node-9.dir-all-fast.gt-8803-dns-pg0.utah.cloudlab.us,666,unknown
28,<empty>,1,unknown
28,node-10.dir-all-fast.gt-8803-dns-pg0.utah.cloudlab.us,941,unknown
28,node-11.dir-all-fast.gt-8803-dns-pg0.utah.cloudlab.us,152,unknown
28,node-12.dir-all-fast.gt-8803-dns-pg0.utah.cloudlab.us,726,unknown
28,node-13.dir-all-fast.gt-8803-dns-pg0.utah.cloudlab.us,1019,unknown
28,node-14.dir-all-fast.gt-8803-dns-pg0.utah.cloudlab.us,397,unknown
28,node-15.dir-all-fast.gt-8803-dns-pg0.utah.cloudlab.us,308,unknown
28,node-16.dir-all-fast.gt-8803-dns-pg0.utah.cloudlab.us,338,unknown
28,node-3.dir-all-fast.gt-8803-dns-pg0.utah.cloudlab.us,177,unknown
28,node-4.dir-all-fast.gt-8803-dns-pg0.utah.cloudlab.us,783,unknown
28,node-5.dir-all-fast.gt-8803-dns-pg0.utah.cloudlab.us,373,unknown
28,node-6.dir-all-fast.gt-8803-dns-pg0.utah.cloudlab.us,428,unknown
28,node-7.dir-all-fast.gt-8803-dns-pg0.utah.cloudlab.us,522,unknown
28,node-8.dir-all-fast.gt-8803-dns-pg0.utah.cloudlab.us,337,unknown
28,node-9.dir-all-fast.gt-8803-dns-pg0.utah.cloudlab.us,294,unknown
29,node-10.dir-all-fast.gt-8803-dns-pg0.utah.cloudlab.us,982,unknown
29,node-11.dir-all-fast.gt-8803-dns-pg0.utah.cloudlab.us,215,unknown
29,node-12.dir-all-fast.gt-8803-dns-pg0.utah.cloudlab.us,451,unknown
29,node-13.dir-all-fast.gt-8803-dns-pg0.utah.cloudlab.us,462,unknown
29,node-14.dir-all-fast.gt-8803-dns-pg0.utah.cloudlab.us,620,unknown
29,node-15.dir-all-fast.gt-8803-dns-pg0.utah.cloudlab.us,199,unknown
29,node-16.dir-all-fast.gt-8803-dns-pg0.utah.cloudlab.us,472,unknown
29,node-3.dir-all-fast.gt-8803-dns-pg0.utah.cloudlab.us,364,unknown
29,node-4.dir-all-fast.gt-8803-dns-pg0.utah.cloudlab.us,654,unknown
29,node-5.dir-all-fast.gt-8803-dns-pg0.utah.cloudlab.us,633,unknown
29,node-6.dir-all-fast.gt-8803-dns-pg0.utah.cloudlab.us,464,unknown
29,node-7.dir-all-fast.gt-8803-dns-pg0.utah.cloudlab.us,610,unknown
29,node-8.dir-all-fast.gt-8803-dns-pg0.utah.cloudlab.us,350,unknown
29,node-9.dir-all-fast.gt-8803-dns-pg0.utah.cloudlab.us,357,unknown
30,node-10.dir-all-fast.gt-8803-dns-pg0.utah.cloudlab.us,9,unknown
30,node-11.dir-all-fast.gt-8803-dns-pg0.utah.cloudlab.us,10,unknown
30,node-12.dir-all-fast.gt-8803-dns-pg0.utah.cloudlab.us,11,unknown
30,node-13.dir-all-fast.gt-8803-dns-pg0.utah.cloudlab.us,6,unknown
30,node-14.dir-all-fast.gt-8803-dns-pg0.utah.cloudlab.us,7,unknown
30,node-15.dir-all-fast.gt-8803-dns-pg0.utah.cloudlab.us,3,unknown
30,node-16.dir-all-fast.gt-8803-dns-pg0.utah.cloudlab.us,6,unknown
30,node-3.dir-all-fast.gt-8803-dns-pg0.utah.cloudlab.us,10,unknown
30,node-4.dir-all-fast.gt-8803-dns-pg0.utah.cloudlab.us,8,unknown
30,node-5.dir-all-fast.gt-8803-dns-pg0.utah.cloudlab.us,9,unknown
30,node-6.dir-all-fast.gt-8803-dns-pg0.utah.cloudlab.us,5,unknown
30,node-7.dir-all-fast.gt-8803-dns-pg0.utah.cloudlab.us,8,unknown
30,node-8.dir-all-fast.gt-8803-dns-pg0.utah.cloudlab.us,7,unknown
30,node-9.dir-all-fast.gt-8803-dns-pg0.utah.cloudlab.us,9,unknown
